gene_name,protein_logfc,protein_padj
3,-1,0.05
13,,
22,0,0.5
31,-0.1,0.05
39,0.1,0.05
47,1,0.05
6,-1,0.05
16,,
25,0,0.5
87,-0.1,0.05
88,0.1,0.05
50,1,0.05
9,-1,0.05
19,,
28,0,0.5
36,-0.1,0.05
44,0.1,0.05
53,1,0.05